{
   "volume":[
      73409200,
      72433800,
      89047400,
      70149200,
      27762238
   ],
   "low":[
      133.91000366210938,
      135.6300048828125,
      139.77000427246094,
      140.97000122070312,
      138.82000732421875
   ],
   "open":[
      134.7899932861328,
      136.82000732421875,
      139.89999389648438,
      142.6999969482422,
      142.1300048828125
   ],
   "high":[
      137.75999450683594,
      138.58999633789062,
      141.91000366210938,
      143.49000549316406,
      143.4219970703125
   ],
}
