{
   "volume":[
      73409200,
      72433800,
      89047400,
      70149200,
      27762238
   ],
   "low":[
      133.91000366210938,
      135.6300048828125,
      139.77000427246094,
      140.97000122070312,
      138.82000732421875
   ],
   "open":[
      134.7899932861328,
      136.82000732421875,
      142.1300048828125
   ],
   "high":[
      137.75999450683594,
      138.58999633789062,
      141.91000366210938,
      143.49000549316406,
      143.4219970703125
   ],
   "close":[
      135.35000610351562,
      138.27000427246094,
      141.66000366210938,
      141.66000366210938,
      138.86669921875
   ]
}
